algo,train_time (ms)
A2C,63450.955629348755
ACKTR,57214.91503715515
PPO2,53460.501194000244
TRPO,64936.35821342468
